"Year","Ndays","Ndets","ID","CamNum_Redux"
2018,85,0,2576,1
2017,3,0,2317,2
2017,103,0,2058,3
2018,121,1,2058,3
2018,80,0,2143,4
2017,10,0,2748,5
2017,78,0,2230,6
2017,121,1,2578,7
2018,121,0,2578,7
2017,121,0,2662,8
2018,121,0,2662,8
2017,121,9,2059,9
2018,120,1,2059,9
2017,42,0,2145,10
2017,101,0,2663,11
2018,121,0,2663,11
2017,121,0,2835,12
2018,119,0,2835,13
2017,121,0,2061,14
2018,41,2,2061,14
2017,23,0,2232,15
2017,11,0,2922,16
2017,7,0,2495,17
2017,1,0,2581,18
2017,60,0,2408,19
2018,86,0,2408,19
2017,24,0,2581,20
2017,22,1,1254,21
2018,119,3,1254,21
2018,121,1,2234,22
2017,96,0,2666,23
2018,121,0,2666,23
2017,121,0,2666,24
2018,121,0,2666,24
2017,70,0,2323,25
2018,114,7,2235,26
2017,116,1,2410,27
2018,121,0,2410,27
2017,121,0,3009,28
2017,88,0,2583,29
2018,121,0,2583,29
2017,90,0,2497,30
2018,121,0,2497,30
2017,34,0,2323,31
2018,121,0,2410,32
2017,97,0,2667,33
2018,121,0,2667,33
2017,31,3,1020,34
2017,97,0,2150,35
2018,121,0,2150,35
2018,26,3,2237,36
2017,101,0,2412,37
2018,28,1,2412,37
2017,121,1,2841,38
2018,119,0,2841,38
2018,121,20,411,39
2018,5,2,1339,40
2016,114,2,1341,41
2017,26,0,1341,42
2018,115,4,1341,42
2018,121,1,169,43
2018,121,7,304,44
2018,121,2,171,45
2018,21,0,117,46
2016,27,0,1736,47
2017,100,2,1736,47
2018,74,0,416,48
2017,121,2,305,49
2018,121,1,305,49
2018,37,0,417,50
2017,121,3,1186,51
2017,46,1,2159,52
2018,82,0,174,53
2017,27,0,1658,54
2018,71,0,1658,54
2018,105,11,239,55
2018,121,5,1581,56
2018,121,2,419,57
2018,121,5,146,58
2016,32,0,3642,59
2017,84,1,3642,59
2017,120,1,3021,60
2018,30,1,99,61
2018,34,1,99,62
2018,24,0,344,63
2018,50,0,344,64
2018,2,0,420,65
2016,27,3,958,66
2017,121,0,958,66
2018,121,17,958,66
2016,16,0,1110,67
2017,121,0,1110,67
2018,84,0,1110,67
2018,121,0,2680,68
2018,121,1,177,69
2018,121,4,1825,70
2016,15,0,3714,71
2017,121,0,3714,72
2018,66,0,3714,72
2016,121,4,616,73
2017,50,0,616,73
2018,120,4,616,73
2016,105,3,811,74
2017,82,1,811,74
2018,121,1,811,74
2017,121,9,885,75
2018,92,7,885,75
2016,69,6,1033,76
2017,49,3,1033,76
2018,21,0,3268,77
2017,54,12,1111,78
2018,121,17,1111,78
2018,35,0,512,79
2016,111,1,512,80
2017,25,1,512,80
2016,58,1,812,81
2017,95,1,812,81
2017,53,0,3996,82
2018,27,0,3996,82
2018,117,0,178,83
2017,97,3,740,84
2018,121,9,740,84
2016,115,7,563,85
2017,121,16,563,85
2018,121,3,563,85
2017,50,0,617,86
2018,117,0,617,86
2016,112,2,617,87
2018,121,6,311,88
2017,121,11,960,89
2018,101,35,960,89
2018,47,0,1585,90
2017,46,0,1508,91
2018,92,2,1508,91
2018,121,7,741,92
2016,114,1,564,93
2017,121,12,564,93
2018,121,4,564,93
2017,31,2,618,94
2018,121,1,618,94
2016,30,0,676,95
2016,36,0,513,96
2017,120,3,513,96
2018,121,5,513,96
2016,42,1,513,97
2018,121,5,1585,98
2016,5,0,3788,99
2017,94,0,3788,99
2018,57,0,3788,99
2018,121,0,4302,100
2016,91,1,565,101
2017,51,2,565,101
2018,121,4,565,101
2018,39,0,58,102
2017,121,1,1272,103
2017,47,3,1664,104
2018,121,5,1664,104
2018,84,0,3859,105
2018,121,5,424,106
2017,121,0,3859,107
2018,29,0,3859,107
2017,25,0,1828,108
2018,121,8,1828,108
2017,57,0,2855,109
2016,72,1,678,110
2017,121,1,678,110
2018,121,2,678,110
2016,121,2,566,111
2017,121,1,566,111
2018,62,3,566,111
2018,110,1,3271,112
2018,17,0,4419,113
2017,116,0,4764,114
2018,121,0,4764,114
2018,121,4,385,115
2017,121,0,4707,116
2018,121,0,4707,116
2018,121,6,1587,117
2016,20,1,1273,118
2017,121,1,1273,118
2018,95,1,1273,118
2018,99,0,246,119
2017,117,0,4535,120
2018,84,0,4535,120
2017,30,0,1510,121
2018,121,12,1510,121
2018,88,6,469,122
2016,38,0,1037,123
2017,121,3,1037,123
2018,115,8,1037,123
2016,31,0,4708,124
2018,54,0,4933,125
2018,68,0,4933,126
2018,80,4,1588,127
2016,114,2,679,128
2017,11,1,679,128
2017,94,7,679,129
2018,121,23,679,129
2018,121,0,5476,130
2017,51,2,744,131
2018,90,2,60,132
2015,69,0,105,133
2015,69,4,80,134
2015,69,4,80,135
2015,69,11,128,136
2015,7,1,80,137
2015,69,2,105,138
2017,55,0,3861,139
2017,66,0,3861,140
2018,118,0,3861,140
2018,49,0,4478,141
2017,121,0,4765,142
2018,121,0,4765,142
2018,103,0,5366,143
2016,38,1,567,144
2015,69,1,81,145
2016,73,8,568,146
2017,121,6,568,146
2018,61,3,568,146
2015,69,3,81,147
2015,36,4,81,148
2015,69,4,106,149
2015,42,0,106,150
2015,69,5,129,151
2017,110,11,1195,152
2018,116,17,1195,152
2017,121,5,745,153
2018,121,3,745,154
2016,45,1,964,155
2017,83,3,964,155
2018,94,1,964,155
2015,69,3,106,156
2015,69,0,106,157
2015,69,2,106,158
2015,70,0,81,159
2015,54,3,81,160
2015,69,0,129,161
2016,57,10,1038,162
2017,121,4,1038,162
2018,82,17,1038,162
2018,99,4,316,163
2017,58,0,622,164
2018,121,2,622,164
2016,52,1,622,165
2018,113,0,5202,166
2018,75,0,427,167
2018,64,0,5695,168
2017,115,2,4595,169
2018,83,0,4595,169
2016,112,2,890,170
2017,121,2,890,170
2018,119,2,890,170
2018,110,23,1195,171
2015,70,2,81,172
2015,69,0,81,173
2015,32,0,106,174
2015,69,0,81,175
2018,121,0,4421,176
2018,121,0,5695,177
2017,19,0,1038,178
2018,77,2,1038,178
2017,11,0,1038,179
2018,121,0,4709,180
2018,33,0,3578,181
2015,68,0,82,182
2015,6,1,107,183
2015,69,1,82,184
2015,69,1,107,185
2015,69,0,107,186
2015,69,2,130,187
2015,22,0,82,188
2018,88,0,184,189
2017,121,3,681,190
2018,121,6,681,190
2018,118,1,47,191
2016,36,1,569,192
2017,121,0,569,192
2018,121,5,569,192
2018,103,0,4002,193
2018,74,4,1668,194
2018,115,0,5313,195
2018,114,0,5368,196
2016,17,0,5313,197
2018,121,1,3578,198
2015,70,2,82,199
2015,69,10,107,200
2015,70,0,82,201
2016,111,4,891,202
2017,121,0,891,203
2018,75,0,891,203
2015,69,1,107,204
2017,82,0,5149,205
2016,112,15,1117,206
2017,115,3,3351,207
2017,116,0,3792,208
2018,34,0,3792,208
2017,121,0,3504,209
2015,69,1,107,210
2015,69,3,82,211
2015,69,7,107,212
2015,69,0,82,213
2015,69,4,130,214
2015,69,4,107,215
2017,121,16,818,216
2018,121,9,818,216
2018,121,0,5203,217
2018,53,0,5751,218
2017,13,0,3792,219
2018,121,3,471,220
2018,121,0,4823,221
2015,69,2,108,222
2015,69,3,108,223
2015,69,1,131,224
2015,69,0,108,225
2015,70,0,83,226
2015,70,2,83,227
2015,70,1,83,228
2018,121,0,5098,229
2017,121,0,4597,230
2018,117,0,4597,230
2017,34,0,4068,231
2017,43,1,519,232
2018,121,2,519,232
2017,121,8,3651,233
2018,101,3,3651,233
2017,97,0,4711,234
2015,66,17,472,235
2016,23,5,472,235
2017,91,18,472,235
2018,56,2,472,235
2017,8,1,1514,236
2018,114,3,1514,236
2016,77,0,570,237
2018,121,0,570,237
2017,107,3,3505,238
2018,121,1,3505,238
2015,81,0,570,239
2016,121,2,570,239
2017,121,6,570,239
2015,1,0,570,240
2016,121,0,570,240
2017,121,1,570,240
2018,121,1,570,240
2016,36,0,819,241
2017,49,0,4068,242
2018,121,1,4068,242
2017,121,3,819,243
2017,82,2,3722,244
2018,84,1,3722,244
2015,36,0,472,245
2016,76,1,472,245
2017,32,0,472,245
2018,121,3,472,245
2015,81,0,519,246
2016,16,0,519,246
2017,68,0,519,246
2018,121,0,519,246
2017,40,3,3722,247
2018,38,0,3722,247
2018,110,10,1436,248
2016,5,0,570,249
2017,42,0,570,249
2018,121,2,570,249
2015,80,1,570,250
2016,27,0,570,250
2015,81,1,519,251
2016,121,2,519,251
2017,121,1,519,251
2018,121,4,519,251
2018,85,1,819,252
2018,121,1,156,253
2017,97,0,4711,254
2018,28,0,4711,255
2015,36,1,472,256
2016,121,2,472,256
2017,91,2,472,256
2018,121,4,472,256
2016,64,1,570,257
2017,101,0,570,257
2017,53,1,1436,258
2016,119,16,966,259
2017,121,8,966,259
2018,121,12,966,259
2018,113,3,131,260
2015,14,0,570,261
2015,81,4,519,262
2017,76,0,570,263
2018,82,1,570,263
2015,75,0,519,264
2016,9,0,519,264
2017,121,1,519,264
2018,121,0,519,264
2018,104,0,5424,265
2015,75,1,519,266
2018,25,0,519,266
2015,81,6,570,267
2016,47,0,570,267
2017,37,1,570,267
2018,82,8,570,267
2016,31,0,472,268
2016,81,1,966,269
2017,121,7,966,269
2018,102,7,966,269
2017,121,1,472,270
2018,121,3,472,270
2015,1,0,570,271
2018,110,0,353,272
2018,113,1,108,273
2017,16,0,519,274
2018,17,0,519,274
2018,27,0,284,275
2016,121,3,519,276
2015,3,0,519,277
2016,37,0,519,277
2017,121,1,519,277
2015,1,0,519,278
2016,39,0,519,278
2018,121,0,108,279
2015,75,1,519,280
2016,67,1,519,280
2016,95,1,519,281
2015,75,0,570,282
2016,28,0,570,282
2017,105,3,570,282
2018,74,1,570,282
2016,92,4,472,283
2017,121,0,472,283
2015,75,3,570,284
2016,95,2,570,284
2017,12,0,570,284
2018,121,1,570,284
2015,1,0,519,285
2016,121,1,519,285
2015,68,0,472,286
2016,53,0,472,286
2017,91,2,472,286
2018,106,0,472,286
2015,82,0,472,287
2016,30,0,472,288
2018,121,1,3651,289
2015,75,5,571,290
2016,28,2,571,290
2017,19,2,571,290
2018,121,10,571,290
2018,121,16,157,291
2015,59,3,571,292
2016,91,5,571,293
2017,121,2,571,293
2018,10,0,571,293
2015,75,1,571,294
2015,25,1,571,295
2016,1,0,571,295
2015,57,3,520,296
2016,28,0,520,296
2017,121,5,520,296
2018,102,1,520,296
2016,55,0,571,297
2015,82,2,473,298
2016,8,0,473,298
2017,121,7,473,298
2018,21,4,473,298
2015,82,1,520,299
2016,41,3,520,299
2017,84,0,520,299
2018,102,1,520,299
2015,82,3,571,300
2017,43,2,571,300
2018,121,1,571,300
2016,41,3,520,301
2017,48,0,520,301
2015,75,3,571,302
2016,55,1,571,302
2017,31,0,571,302
2018,113,14,571,302
2015,1,0,520,303
2016,55,0,520,303
2017,121,0,4598,304
2018,32,0,4598,304
2016,92,0,473,305
2017,30,0,473,305
2015,82,5,520,306
2016,97,2,520,306
2017,5,0,4881,307
2015,82,1,520,308
2016,121,0,520,308
2017,85,0,520,308
2015,82,1,473,309
2017,37,0,520,310
2017,121,4,3353,311
2018,121,1,3353,311
2017,32,0,4881,312
2018,4,0,4881,312
2016,26,0,186,313
2017,121,0,186,313
2015,82,0,520,314
2016,30,1,520,314
2016,92,1,520,315
2017,84,0,520,315
2018,39,0,520,315
2017,17,0,520,316
2015,1,0,520,317
2016,48,2,520,317
2017,1,0,473,318
2018,86,2,473,318
2016,13,0,520,319
2015,82,1,520,320
2016,1,0,520,321
2015,67,0,571,322
2015,82,3,520,323
2017,117,0,4712,324
2018,73,0,4712,324
2016,68,0,571,325
2017,121,2,571,325
2018,121,3,571,325
2016,91,2,571,326
2015,81,0,520,327
2016,76,0,520,327
2015,28,0,571,328
2016,54,3,571,329
2017,121,7,571,329
2018,101,1,571,329
2017,51,0,520,330
2015,81,5,571,331
2016,83,1,571,331
2015,77,0,520,332
2016,83,3,520,332
2018,20,0,571,333
2015,82,29,473,334
2018,20,3,473,334
2016,90,0,473,335
2017,121,1,473,335
2018,21,0,473,335
2015,82,1,473,336
2018,121,0,2605,337
2015,82,3,571,338
2016,69,1,571,338
2018,25,2,571,339
2018,97,3,571,340
2015,81,0,520,341
2016,93,3,520,341
2016,63,0,571,342
2018,121,0,132,343
2015,81,0,520,344
2015,71,1,571,345
2016,33,1,571,345
2017,17,0,571,345
2015,82,0,520,346
2017,27,0,520,346
2018,121,3,520,346
2015,82,0,520,347
2016,94,0,520,347
2015,4,0,473,348
2016,31,0,473,348
2015,81,0,520,349
2016,28,0,520,349
2017,101,0,520,349
2015,81,2,520,350
2016,121,2,520,350
2016,103,2,520,351
2018,21,2,473,352
2016,90,0,520,353
2015,34,1,520,354
2017,54,2,3276,355
2018,108,3,3276,355
2015,4,0,473,356
2016,1,0,473,356
2017,29,0,3935,357
2015,81,3,571,358
2016,64,1,571,358
2017,121,2,571,358
2018,121,1,571,358
2017,40,2,1750,359
2018,110,8,1750,359
2015,81,3,473,360
2016,121,3,473,360
2017,117,2,473,360
2015,82,0,520,361
2016,62,0,893,362
2017,121,1,893,362
2016,1,0,520,363
2015,81,1,520,364
2017,104,1,520,364
2018,121,0,520,364
2015,81,0,571,365
2017,121,3,571,366
2018,121,2,571,366
2015,82,2,571,367
2016,66,3,571,367
2017,121,3,571,367
2015,81,0,520,368
2017,63,1,520,368
2018,48,0,520,368
2017,96,0,4937,369
2018,60,0,4937,369
2015,81,0,571,370
2016,59,0,571,370
2017,121,0,571,370
2018,121,0,571,370
2015,82,0,520,371
2016,94,0,520,371
2015,82,3,473,372
2016,121,0,473,372
2017,69,2,473,372
2018,121,3,473,372
2016,13,1,571,373
2017,121,4,571,373
2018,60,3,571,374
2017,32,2,1198,375
2015,82,6,520,376
2017,110,2,520,376
2018,121,0,520,376
2015,81,0,571,377
2016,29,0,571,377
2017,101,0,571,378
2018,121,0,571,378
2015,1,0,571,379
2016,121,3,571,379
2017,121,4,571,379
2018,121,0,571,379
2015,81,0,520,380
2016,9,0,520,380
2015,82,0,520,381
2016,94,1,520,381
2017,104,1,520,381
2015,81,4,520,382
2016,32,1,520,382
2018,98,0,520,382
2015,81,0,571,383
2016,32,2,571,383
2016,90,2,571,384
2017,104,2,571,384
2018,68,0,571,384
2015,82,2,473,385
2016,120,3,473,385
2017,121,0,473,385
2018,60,1,473,385
2018,92,1,3935,386
2016,90,0,520,387
2017,121,3,520,387
2018,39,1,520,387
2015,82,3,520,388
2016,32,0,520,388
2018,121,5,34,389
2015,82,1,520,390
2016,121,3,520,390
2017,121,2,520,390
2018,80,1,520,390
2018,121,4,84,391
2015,82,4,571,392
2016,59,4,571,392
2017,121,4,571,392
2017,1,0,1750,393
2015,82,21,520,394
2017,121,6,520,394
2018,121,9,520,394
2015,82,1,520,395
2016,1,0,520,395
2017,121,1,520,395
2018,121,1,520,395
2015,82,3,520,396
2017,102,1,520,396
2015,82,0,520,397
2016,94,2,520,397
2015,82,2,520,398
2016,59,1,520,398
2015,82,0,473,399
2016,74,1,473,399
2017,58,0,473,399
2015,11,3,571,400
2016,1,0,571,400
2017,121,4,571,400
2018,77,2,571,400
2015,82,1,520,401
2015,81,5,571,402
2016,91,1,571,402
2017,121,4,571,402
2018,77,2,571,402
2017,85,0,4598,403
2018,83,0,4599,404
2017,3,0,3653,405
2018,76,0,187,406
2015,24,0,572,407
2017,121,6,572,408
2018,121,5,572,408
2017,121,1,1199,409
2018,95,4,1199,409
2015,81,7,572,410
2016,121,0,572,410
2015,55,0,474,411
2016,121,0,474,411
2017,121,0,474,411
2018,121,0,474,411
2017,74,16,1199,412
2018,8,4,1199,412
2017,69,5,1120,413
2018,121,3,110,414
2015,19,3,572,415
2017,81,6,572,415
2018,121,17,572,415
2015,82,1,521,416
2016,1,0,521,416
2017,67,1,521,416
2017,121,8,1199,417
2018,95,6,1199,417
2017,74,7,1120,418
2018,92,5,1120,418
2015,81,2,521,419
2016,121,0,521,419
2017,68,1,521,419
2018,121,0,521,419
2015,82,1,521,420
2016,121,1,521,420
2017,102,0,521,420
2015,82,1,521,421
2016,85,6,521,421
2017,121,0,521,421
2018,77,0,521,421
2017,121,2,572,422
2018,77,2,572,422
2016,14,0,521,423
2015,1,0,521,424
2015,82,2,572,425
2016,1,0,572,425
2017,121,0,572,425
2017,121,12,1120,426
2015,80,1,474,427
2016,92,2,474,428
2017,121,0,474,428
2018,42,0,474,428
2015,81,6,474,429
2016,121,21,474,429
2017,121,2,474,429
2018,121,1,474,429
2016,115,1,521,430
2015,81,2,474,431
2016,74,0,474,431
2017,121,2,474,431
2018,57,0,474,431
2018,63,0,474,432
2018,121,3,24,433
2015,82,5,521,434
2016,109,3,521,434
2017,48,0,572,435
2018,121,3,572,435
2016,60,6,521,436
2017,121,4,521,436
2018,121,1,521,436
2018,121,1,1516,437
2017,8,0,5808,438
2018,50,0,5808,438
2015,82,4,521,439
2015,81,0,572,440
2017,104,1,572,441
2018,121,1,572,441
2015,81,1,572,442
2016,31,1,572,442
2015,81,1,521,443
2016,120,2,521,443
2017,120,0,521,443
2018,49,1,521,443
2015,75,1,521,444
2016,14,0,521,444
2015,81,3,572,445
2016,121,6,572,446
2018,121,6,572,446
2015,81,1,572,447
2016,121,0,572,447
2017,3,0,572,447
2018,49,0,572,447
2015,82,0,521,448
2016,1,0,521,448
2015,1,0,521,449
2015,31,0,474,450
2016,113,0,474,450
2017,77,1,474,450
2018,22,0,474,450
2015,81,1,474,451
2016,23,1,474,451
2017,10,0,474,451
2018,121,0,286,452
2015,25,0,572,453
2017,121,4,1199,454
2018,39,0,3354,455
2016,92,1,521,456
2017,97,6,1199,457
2017,121,0,3354,458
2017,96,74,1199,459
2015,4,0,521,460
2017,98,0,821,461
2018,43,0,3936,462
2017,79,0,3653,463
2018,121,0,3653,463
2016,30,0,521,464
2017,121,8,1120,465
2015,81,3,572,466
2016,31,0,572,466
2016,1,0,572,467
2017,121,0,572,467
2018,121,1,572,467
2015,82,2,572,468
2017,3,0,1120,469
2018,79,0,1120,469
2018,108,13,1042,470
2017,121,19,1042,471
2017,121,5,1120,472
2017,117,10,1120,473
2018,49,2,1120,474
2015,46,2,521,475
2016,59,0,521,476
2017,121,2,521,476
2015,76,4,521,477
2017,121,11,1042,478
2018,121,7,1042,478
2015,82,0,521,479
2016,121,1,521,479
2017,38,1,521,479
2015,82,2,474,480
2016,64,3,474,480
2017,121,6,474,480
2018,87,3,474,480
2016,92,4,521,481
2017,37,2,521,482
2018,121,8,521,482
2017,121,8,1120,483
2018,79,8,1120,483
2017,121,0,3936,484
2018,3,0,3936,484
2018,59,0,3936,485
2016,92,1,521,486
2017,84,1,521,487
2015,82,1,521,488
2016,92,2,521,489
2017,121,1,521,489
2018,93,2,521,489
2015,82,0,474,490
2018,121,1,2776,491
2015,82,4,521,492
2016,121,3,521,492
2017,79,0,521,492
2018,60,0,521,492
2017,102,1,1199,493
2018,103,3,1199,493
2015,82,1,572,494
2016,121,0,572,494
2017,121,0,572,494
2018,90,0,572,494
2016,57,0,572,495
2018,90,0,572,495
2017,76,4,1120,496
2018,121,1,2258,497
2015,82,7,572,498
2015,81,3,474,499
2016,30,0,474,499
2017,121,4,474,499
2018,113,2,474,499
2017,44,0,3581,500
2018,121,1,3581,500
2016,34,2,572,501
2017,86,0,572,501
2018,113,2,572,501
2017,74,1,1199,502
2018,101,4,1199,502
2017,71,10,1120,503
2018,103,26,1120,503
2016,113,0,474,504
2017,121,0,474,504
2018,104,9,35,505
2017,121,13,320,506
2018,121,4,320,506
2018,111,0,3653,507
2015,82,2,572,508
2016,121,2,572,508
2017,99,3,572,508
2018,90,2,572,508
2017,121,5,1042,509
2018,121,1,1042,509
2018,121,0,4938,510
2016,31,0,626,511
2018,103,0,1120,512
2016,91,1,626,513
2017,121,1,626,513
2018,121,2,626,513
2018,88,0,3653,514
2018,30,1,35,515
2015,82,2,572,516
2016,121,2,572,516
2017,20,0,572,516
2018,45,0,572,516
2017,7,0,3724,517
2017,121,3,3866,518
2017,81,11,1199,519
2015,81,3,521,520
2016,9,0,521,520
2017,106,3,521,520
2018,121,4,521,520
2016,121,2,521,521
2018,53,0,521,521
2015,81,2,475,522
2016,80,3,475,522
2017,121,2,475,522
2018,102,1,475,522
2015,82,3,573,523
2016,114,4,573,523
2017,50,0,573,523
2018,90,0,573,523
2015,75,1,522,524
2017,106,0,522,524
2018,50,3,522,524
2015,82,0,573,525
2016,91,2,573,526
2017,121,3,573,526
2018,93,1,573,526
2015,74,4,475,527
2016,86,3,475,527
2015,81,4,573,528
2017,94,4,1200,529
2018,34,2,36,530
2018,45,0,5101,531
2018,121,6,1200,532
2017,7,0,5372,533
2018,73,0,5372,533
2017,112,6,1121,534
2018,121,0,5317,535
2018,121,9,25,536
2018,96,9,3654,537
2017,98,0,4939,538
2018,90,0,51,539
2017,44,5,1200,540
2018,39,2,287,541
2017,121,3,1200,542
2018,79,0,287,543
2018,48,0,4883,544
2017,108,0,4883,545
2018,74,0,4883,545
2017,121,2,1043,546
2018,121,2,1200,547
2017,121,1,1200,548
2017,62,0,3796,549
2018,17,0,3796,549
2017,121,8,1121,550
2018,119,0,4252,551
2018,97,1,1121,552
2017,51,1,1121,553
2018,113,5,1121,553
2017,5,0,1121,554
2018,95,1,1121,554
2017,88,5,1043,555
2018,77,1,1043,555
2017,73,3,1043,556
2018,121,12,1043,556
2018,40,0,287,557
2018,82,2,287,558
2017,121,1,1043,559
2018,121,3,1043,559
2018,121,3,3867,560
2017,121,3,1200,561
2018,121,1,1200,561
2017,82,2,1200,562
2017,121,5,1121,563
2018,38,0,1121,564
2017,121,0,1200,565
2018,121,1,1200,565
2017,83,0,1043,566
2018,121,11,1043,566
2017,121,3,1043,567
2018,121,6,1043,567
2017,70,5,1121,568
2018,113,3,1121,568
2017,121,14,1121,569
2018,121,9,1121,569
2018,64,0,3582,570
2018,10,2,1121,571
2018,121,1,3725,572
2018,32,1,3796,573
2017,121,16,1200,574
2018,5,1,1200,574
2018,121,1,3796,575
2017,70,0,4771,576
2018,7,0,4771,576
2018,40,0,321,577
2017,121,6,1200,578
2018,62,1,1200,578
2017,121,8,1121,579
2018,101,9,1121,579
2017,83,10,1043,580
2017,121,1,1200,581
2017,67,3,3433,582
2018,121,1,3433,582
2018,121,2,3433,583
2018,103,0,4939,584
2017,121,5,1043,585
2018,66,2,1043,585
2017,83,6,1043,586
2017,121,2,1122,587
2018,112,7,1122,587
2017,121,3,1122,588
2018,30,1,1044,589
2018,121,4,288,590
2017,3,0,2260,591
2018,45,1,2260,591
2018,121,0,3726,592
2018,102,0,5102,593
2018,121,1,3797,594
2018,106,0,3726,595
2016,39,0,3434,596
2017,68,2,1044,597
2018,27,0,1044,597
2018,71,0,3797,598
2018,121,0,3797,599
2018,94,1,523,600
2018,72,1,3726,601
2017,24,0,3726,602
2017,15,0,2174,603
2018,101,1,2174,603
2017,40,1,1201,604
2018,121,5,1201,604
2017,69,0,1122,605
2018,121,0,1122,605
2017,121,1,1201,606
2017,2,0,3116,607
2017,121,9,1122,608
2018,38,1,1122,608
2017,121,5,1122,609
2018,109,10,1122,609
2017,121,3,1201,610
2017,121,5,1044,611
2018,121,2,1044,611
2018,121,0,3116,612
2017,44,3,1044,613
2018,95,1,1044,613
2017,23,0,5318,614
2017,17,2,1044,615
2018,88,10,1044,615
2018,80,1,3726,616
2018,121,0,3938,617
2017,84,4,1044,618
2018,48,1,1044,618
2018,50,0,3797,619
2018,69,1,3797,620
2017,39,1,1044,621
2018,121,8,1044,621
2017,121,2,1201,622
2018,52,0,1201,622
2017,40,3,1201,623
2018,77,3,1201,623
2018,121,2,3868,624
2017,35,1,1122,625
2018,32,0,1044,626
2017,121,6,1201,627
2018,82,3,1201,627
2017,117,0,1044,628
2017,22,0,3434,629
2018,24,0,3434,629
2018,90,1,1122,630
2017,45,1,1122,631
2018,121,0,1122,631
2017,49,0,1122,632
2018,121,1,3726,633
2017,83,9,1044,634
2018,121,9,1044,634
2018,115,1,3279,635
2018,100,0,5049,636
2017,68,3,1044,637
2018,60,11,288,638
2018,87,0,3938,639
2015,121,0,3797,640
2016,30,0,3797,640
2017,43,0,3797,640
2017,28,0,3797,641
2018,103,1,3797,641
2018,121,0,3726,642
2015,121,1,3726,643
2016,121,0,3726,643
2017,121,0,3726,643
2018,121,0,3868,644
2015,96,0,3868,645
2016,3,0,3868,645
2017,89,1,3868,645
2015,121,1,3726,646
2016,59,1,3726,646
2017,98,0,3726,646
2018,10,0,3726,646
2016,4,0,3655,647
2017,50,0,3655,647
2018,121,0,3655,647
2017,76,7,970,648
2018,111,3,970,648
2017,39,1,2864,649
2018,16,0,2864,649
2015,121,0,3655,650
2016,121,0,3655,650
2018,46,0,3655,651
2017,121,6,1201,652
2018,121,4,1201,652
2015,121,2,3868,653
2016,112,1,3868,653
2017,121,1,3868,653
2018,121,1,3868,653
2016,104,0,4828,654
2016,18,0,3797,655
2017,100,1,3797,655
2017,35,1,1122,656
2017,60,0,4828,657
2018,13,0,4828,657
2015,121,0,3655,658
2016,118,0,3655,658
2017,102,0,3655,658
2018,100,1,3655,658
2018,121,0,3279,659
2017,66,0,3279,660
2018,38,1,3509,661
2017,54,1,1044,662
2018,11,0,1044,663
2015,44,6,3797,664
2017,83,1,1044,665
2018,121,2,1044,665
2017,92,0,1122,666
2018,87,1,1122,666
2017,45,0,1122,667
2018,55,2,1122,667
2017,101,4,1201,668
2018,103,0,1201,668
2018,58,1,2864,669
2015,92,2,3798,670
2015,26,0,3727,671
2016,24,0,3727,671
2016,95,0,3727,672
2016,70,1,3798,673
2017,107,0,3798,673
2017,121,7,1202,674
2018,5,0,1202,674
2018,44,0,3435,675
2017,46,0,3510,676
2018,106,0,3869,677
2017,121,0,3798,678
2018,121,2,3798,678
2015,96,0,3798,679
2016,113,0,3798,679
2017,121,0,3798,679
2018,97,0,3798,680
2015,73,0,3656,681
2016,118,0,3656,681
2017,68,0,3656,681
2018,20,0,3656,681
2015,121,0,3656,682
2016,10,0,3656,682
2015,121,4,3798,683
2016,100,0,3798,683
2017,121,0,3798,683
2018,121,1,3798,683
2015,121,0,3727,684
2017,121,0,3727,684
2018,121,4,3727,684
2016,118,2,3727,685
2017,50,0,3727,685
2015,121,0,3727,686
2015,121,0,3656,687
2016,121,0,3656,687
2017,121,0,3656,687
2018,3,0,3656,687
2015,55,2,3869,688
2017,115,0,4602,689
2018,121,0,4602,689
2015,121,0,3869,690
2017,121,0,3869,690
2018,50,0,3869,690
2018,121,0,3869,691
2015,114,0,3727,692
2018,117,2,3727,692
2015,77,1,1922,693
2017,110,0,4716,694
2018,62,0,4716,694
2015,77,3,1838,695
2015,77,1,1922,696
2015,77,0,2006,697
2018,89,0,4996,698
2015,77,1,1838,699
2015,77,1,1922,700
2015,71,0,3798,701
2016,20,0,3798,701
2016,52,0,3798,702
2017,51,1,3798,702
2017,121,0,3798,703
2018,121,0,3798,703
2015,121,0,3727,704
2017,99,1,3727,704
2018,121,3,3869,705
2015,67,0,3798,706
2015,121,0,3869,707
2016,121,7,3869,707
2017,121,11,3869,707
2018,121,6,3869,708
2015,121,4,3869,709
2016,121,1,3869,709
2017,121,3,3869,709
2018,121,5,3869,709
2018,35,11,3798,710
2017,75,0,3727,711
2015,73,0,3656,712
2017,121,1,3656,712
2018,121,1,3656,712
2015,42,0,3727,713
2016,18,2,3727,713
2015,115,0,3656,714
2016,39,0,3656,714
2017,121,2,3656,714
2018,121,0,3656,714
2016,63,2,3727,715
2015,116,2,3727,716
2016,1,0,3727,716
2017,121,1,3727,716
2018,121,0,3727,716
2018,121,0,5155,717
2015,121,0,3656,718
2016,44,0,3656,719
2017,121,0,3656,719
2018,102,0,3656,719
2015,76,0,2006,720
2018,121,1,752,721
2017,25,0,2261,722
2018,40,0,2261,722
2017,8,0,1838,723
2015,77,1,1838,724
2016,50,0,3798,725
2018,67,0,3798,725
2015,65,0,3798,726
2016,121,0,3798,726
2017,110,1,3798,726
2015,72,0,3798,727
2016,26,0,3798,727
2015,97,0,3798,728
2016,121,1,3798,728
2016,68,1,3727,729
2016,121,0,3727,730
2015,66,2,3727,731
2016,8,2,3727,731
2015,69,0,3798,732
2016,121,0,3798,732
2015,121,0,3727,733
2016,121,0,3727,733
2015,110,0,3727,734
2016,121,0,3727,734
2017,95,0,3727,734
2018,92,0,3727,734
2015,45,0,3727,735
2016,85,1,3727,735
2015,76,2,2006,736
2015,121,0,3798,737
2016,121,0,3798,737
2017,60,1,3798,737
2018,106,4,3798,737
2018,102,0,3939,738
2015,121,1,3869,739
2016,103,0,3869,739
2017,107,10,3869,739
2018,87,5,3869,739
2015,76,4,1922,740
2018,72,2,3869,741
2018,121,1,824,742
2017,78,0,3656,743
2016,94,2,3869,744
2017,121,6,3869,744
2018,38,1,3869,744
2017,3,0,3035,745
2018,121,0,3035,745
2016,121,6,3869,746
2018,84,6,3869,746
2015,121,2,3869,747
2015,121,0,3656,748
2016,82,0,3656,748
2017,78,0,3656,748
2015,7,0,3727,749
2016,97,3,3727,749
2015,57,0,3656,750
2016,25,0,3656,750
2015,121,0,3727,751
2016,62,0,3727,751
2015,98,3,3798,752
2016,39,0,3798,752
2017,114,0,3798,752
2018,110,2,3798,752
2015,43,0,3798,753
2017,21,0,4659,754
2018,96,0,4659,754
2015,111,0,3727,755
2016,68,1,3727,755
2017,1,0,3727,755
2018,121,1,3727,755
2015,79,0,3727,756
2016,27,0,3727,756
2016,97,1,3656,757
2015,56,0,3727,758
2016,121,1,3727,758
2015,58,0,3727,759
2016,64,0,3727,759
2017,121,1,3727,759
2018,121,0,3727,759
2016,38,1,3727,760
2017,121,1,3727,760
2015,121,1,3727,761
2016,118,3,3727,761
2015,121,0,3798,762
2016,121,1,3798,762
2017,121,2,3798,762
2017,26,0,3511,763
2018,121,2,3511,763
2018,97,0,4942,764
2016,12,1,3728,765
2015,76,2,1923,766
2015,77,4,1839,767
2015,76,0,1923,768
2015,66,1,3728,769
2016,27,0,3728,769
2015,58,0,3728,770
2016,64,1,3728,770
2015,121,1,3799,771
2016,96,0,3799,771
2016,26,0,3799,772
2015,79,0,3799,773
2016,26,0,3799,773
2016,96,1,3799,774
2017,121,1,3799,774
2018,121,0,3799,774
2017,71,0,2007,775
2015,121,3,3728,776
2016,27,0,3728,776
2015,93,1,3728,777
2016,26,0,3728,777
2016,96,4,3728,778
2015,121,0,3728,779
2016,115,1,3728,779
2017,97,3,3728,779
2018,103,0,3728,779
2015,66,0,3728,780
2016,95,1,3728,781
2017,121,1,3728,781
2015,121,1,3799,782
2016,121,1,3799,782
2018,121,2,3799,782
2016,1,0,3728,783
2015,121,0,3799,784
2016,71,0,3799,784
2018,102,0,3940,785
2018,98,0,4886,786
2015,69,0,3870,787
2016,121,0,3870,788
2017,121,5,3870,788
2018,121,3,3870,788
2015,121,1,3657,789
2016,25,0,3657,789
2016,121,2,3657,790
2017,121,0,3657,790
2018,34,0,3940,791
2018,102,1,3870,792
2016,1,0,3657,793
2017,86,1,3657,793
2016,62,0,3657,794
2017,121,0,3657,794
2018,45,0,3657,794
2015,121,0,3799,795
2017,27,1,3799,795
2018,121,1,3799,795
2018,66,1,3200,796
2015,121,0,3728,797
2016,46,0,3728,797
2017,121,1,2524,798
2018,84,0,2524,798
2017,121,0,3799,799
2016,97,0,3728,800
2017,121,0,3728,800
2018,121,0,3728,800
2015,121,0,3799,801
2016,121,0,3799,801
2017,4,0,3799,801
2015,121,12,3799,802
2016,92,26,3799,802
2015,9,0,3728,803
2015,121,1,3728,804
2016,79,0,3728,804
2015,76,1,2007,805
2015,121,0,3799,806
2016,26,1,3799,806
2015,73,0,3728,807
2016,29,0,3728,807
2016,93,0,3728,808
2016,1,0,3870,809
2017,40,1,3870,809
2018,121,4,3870,809
2015,121,1,3870,810
2016,96,5,3799,811
2017,121,1,3799,811
2015,121,2,3799,812
2016,26,2,3799,812
2016,121,1,3728,813
2015,121,0,3728,814
2016,24,0,3728,814
2016,55,0,3728,815
2017,19,0,3728,816
2018,76,2,3728,816
2017,45,0,3281,817
2018,121,1,3281,817
2015,76,4,2007,818
2015,77,1,1839,819
2015,76,2,1923,820
2015,121,2,3728,821
2016,23,0,3728,821
2015,44,0,3728,822
2016,24,0,3728,822
2015,44,0,3728,823
2015,121,1,3728,824
2018,4,0,5957,825
2017,4,0,4137,826
2018,121,3,4137,826
2016,93,0,3728,827
2015,121,0,3799,828
2016,50,0,3799,828
2015,121,3,3799,829
2016,106,3,3799,829
2017,121,4,3799,829
2016,95,0,3728,830
2015,6,1,3799,831
2016,121,2,3799,831
2017,62,2,3799,831
2018,121,0,3799,831
2015,65,0,3728,832
2016,23,0,3728,832
2016,121,1,3799,833
2016,17,0,3728,834
2017,79,3,3728,834
2017,80,0,4717,835
2015,121,0,3728,836
2016,121,0,3728,836
2017,121,2,3728,836
2018,121,0,3728,836
2015,121,1,3728,837
2016,121,0,3728,837
2017,14,0,3728,837
2018,121,0,3728,837
2018,82,0,2866,838
2015,90,0,3728,839
2016,52,0,3728,839
2017,87,0,3728,839
2018,121,2,3728,839
2015,79,0,3728,840
2016,23,0,3728,840
2017,108,0,3728,841
2016,112,3,3870,842
2017,121,0,3870,842
2015,5,0,3728,843
2018,100,0,4660,844
2015,67,1,3870,845
2016,112,3,3870,845
2018,121,4,3870,845
2015,55,0,3870,846
2018,74,0,5156,847
2017,87,0,4660,848
2015,121,0,3728,849
2016,66,0,3728,849
2017,121,2,3728,849
2018,121,0,3728,849
2015,121,1,3657,850
2016,44,0,3657,850
2017,57,0,3657,850
2018,121,1,3657,850
2015,121,0,3657,851
2016,121,0,3657,851
2017,121,0,3657,851
2018,121,0,3657,851
2018,49,2,1363,852
2015,9,0,3657,853
2016,116,1,3657,853
2017,74,0,3657,854
2015,76,0,1923,855
2015,18,0,3728,856
2015,121,0,3728,857
2016,24,0,3728,857
2015,121,0,3799,858
2016,121,1,3799,858
2017,121,3,3799,858
2015,51,0,3728,859
2016,94,0,3728,859
2016,121,1,3799,860
2017,87,0,3799,860
2018,121,11,3799,860
2015,70,0,3799,861
2016,121,0,3799,861
2016,97,0,3728,862
2017,121,0,3728,862
2016,59,0,3728,863
2015,121,2,3728,864
2016,11,0,3728,864
2015,121,0,3799,865
2016,24,0,3799,865
2015,73,2,3799,866
2016,41,1,3799,866
2017,90,2,3799,866
2015,63,2,3728,867
2015,17,0,3728,868
2015,44,0,3728,869
2015,89,1,3728,870
2016,24,0,3728,870
2016,98,0,3728,871
2015,76,0,1923,872
2015,79,0,3728,873
2016,81,0,3728,873
2017,40,0,3728,873
2018,119,0,3728,873
2016,15,0,4487,874
2017,107,0,4487,874
2018,121,0,4487,874
2017,20,0,3657,875
2018,9,0,3657,875
2015,75,0,1923,876
2015,76,4,2007,877
2015,76,0,1923,878
2016,98,0,3799,879
2017,30,0,3799,879
2015,31,0,1839,880
2015,5,0,3799,881
2016,27,0,3799,881
2017,99,2,3799,882
2018,121,0,3799,882
2015,101,1,3799,883
2016,56,0,3799,883
2017,79,0,3799,883
2018,121,0,3799,883
2015,98,0,3728,884
2016,39,0,3728,885
2017,121,0,3728,885
2015,103,3,3728,886
2017,57,0,4660,887
2018,26,0,4660,887
2015,121,0,3799,888
2016,23,0,3799,888
2015,119,3,3728,889
2015,61,0,3728,890
2016,98,0,3728,891
2017,121,0,3728,891
2018,109,0,3728,891
2015,121,0,3728,892
2016,107,0,3728,892
2017,46,0,2437,893
2018,39,0,2437,893
2018,119,3,3870,894
2015,76,1,1839,895
2015,121,1,3728,896
2017,121,0,3728,896
2018,104,2,3728,896
2018,117,1,3940,897
2018,121,8,3799,898
2015,101,1,3657,899
2016,105,0,3657,899
2017,121,0,3657,899
2016,95,4,3799,900
2017,121,6,3799,900
2015,121,1,3870,901
2016,121,1,3870,901
2018,115,0,3870,901
2017,74,2,3657,902
2015,75,0,3657,903
2016,121,1,3657,903
2017,47,0,3657,903
2017,19,0,2350,904
2018,40,0,2350,904
2015,57,0,3657,905
2016,121,2,3657,905
2017,121,0,3657,905
2018,81,2,3657,905
2018,121,0,4997,906
2015,121,1,3870,907
2016,121,2,3870,907
2017,5,0,3870,907
2015,60,0,3728,908
2016,121,0,3728,908
2017,81,0,3728,908
2018,121,3,3940,909
2015,101,1,3728,910
2016,43,0,3728,910
2017,103,1,3728,910
2015,121,0,3799,911
2016,121,1,3799,911
2017,121,4,3799,911
2016,79,2,3799,912
2015,121,2,3728,913
2016,121,1,3728,913
2017,91,2,3728,913
2015,63,0,3728,914
2016,64,0,3728,914
2017,111,1,3728,914
2018,61,0,3436,915
2015,94,0,3799,916
2016,98,0,3799,916
2015,121,0,3728,917
2016,60,0,3728,917
2017,121,0,3728,917
2015,12,0,3728,918
2015,120,1,3799,919
2016,44,0,3799,919
2018,48,26,54,920
2016,73,0,3728,921
2017,121,0,3728,921
2018,121,0,3728,921
2015,76,5,1924,922
2016,94,4,3800,923
2017,119,2,3800,923
2015,112,0,3800,924
2016,18,0,3800,924
2015,76,0,2008,925
2015,76,1,1924,926
2015,49,2,3729,927
2016,10,0,3729,927
2017,97,3,3729,927
2017,4,0,3119,928
2018,68,0,3119,928
2018,58,0,4775,929
2015,62,1,3729,930
2016,121,0,3729,930
2017,67,0,3729,930
2015,98,0,3729,931
2016,15,0,3729,931
2016,78,1,3729,932
2017,119,2,3729,932
2015,121,1,3729,933
2016,53,0,3729,933
2017,30,0,3729,933
2018,121,4,3800,934
2015,121,0,3800,935
2016,16,0,3800,935
2015,121,1,3800,936
2016,92,1,3800,936
2015,102,0,3729,937
2016,28,0,3729,937
2016,83,0,3800,938
2017,121,1,3800,938
2017,104,0,3729,939
2018,121,2,3729,939
2015,76,0,3729,940
2016,40,0,3729,940
2017,12,0,3729,940
2017,68,0,3658,941
2015,69,0,3658,942
2016,44,0,3658,942
2017,54,0,3658,942
2018,121,2,3658,942
2015,121,1,3871,943
2016,99,4,3871,943
2017,121,0,3871,943
2018,81,0,3871,943
2018,119,0,3871,944
2015,52,1,3871,945
2016,96,0,3871,945
2017,74,0,3871,945
2018,121,0,3871,945
2018,121,0,3941,946
2015,60,0,3800,947
2016,71,1,3800,947
2018,48,0,3800,947
2015,121,1,3658,948
2016,44,1,3658,948
2018,121,1,2008,949
2018,32,0,5266,950
2015,109,0,3800,951
2015,25,0,3658,952
2016,64,0,3658,952
2018,98,3,3658,952
2018,121,1,3941,953
2015,1,0,3800,954
2015,121,0,3729,955
2016,121,0,3729,955
2017,58,3,3729,955
2015,61,0,3729,956
2016,41,0,3729,956
2017,40,0,3729,956
2015,61,0,3729,957
2016,40,0,3729,957
2017,121,0,3729,957
2015,121,1,3729,958
2016,28,0,3729,958
2015,84,0,3729,959
2016,86,2,3729,959
2015,20,0,3800,960
2016,94,0,3729,961
2017,91,2,3729,961
2017,51,15,2525,962
2018,75,1,2525,962
2017,70,0,3800,963
2018,83,0,5863,964
2015,63,2,3658,965
2016,41,8,3658,965
2017,19,2,3658,965
2015,76,0,1924,966
2017,23,0,1924,966
2015,76,1,2008,967
2018,121,3,2177,968
2018,53,1,3871,969
2015,76,0,1840,970
2015,76,2,2008,971
2017,30,0,3282,972
2018,72,1,3282,972
2016,1,0,3658,973
2017,121,2,3658,973
2018,121,0,3658,973
2017,121,0,4604,974
2018,79,0,4604,974
2017,121,0,689,975
2016,24,1,3800,976
2017,96,3,3800,976
2015,1,0,3871,977
2016,89,0,3871,977
2017,69,1,3871,977
2018,68,0,3871,977
2015,78,0,3658,978
2018,106,0,3941,979
2016,58,0,3658,980
2018,98,0,3658,980
2015,77,0,3658,981
2015,59,0,3800,982
2016,88,0,3800,982
2017,87,1,3800,983
2018,53,0,3800,983
2018,97,0,3800,984
2015,112,1,3729,985
2016,79,1,3729,985
2017,48,0,3729,985
2018,115,1,3729,985
2015,70,0,3800,986
2018,104,0,3871,987
2015,112,10,3729,988
2016,56,1,3729,988
2017,20,1,3729,988
2018,6,1,3729,988
2015,121,0,3729,989
2017,54,0,3729,989
2018,93,0,3729,989
2015,98,0,3658,990
2018,37,0,899,991
2017,36,0,3658,992
2018,66,10,2525,993
2017,121,0,3871,994
2018,60,0,4887,995
2015,76,2,1924,996
2018,118,0,4775,997
2015,76,1,1840,998
2015,76,0,2008,999
2015,76,0,2008,1000
2018,121,0,5759,1001
2015,121,3,3658,1002
2016,15,0,3658,1002
2017,121,1,3658,1002
2018,81,1,3658,1002
2015,121,4,3800,1003
2016,26,0,3800,1004
2017,72,1,3800,1004
2018,114,0,3800,1004
2017,22,0,3729,1005
2018,47,1,3729,1005
2015,121,1,3729,1006
2016,88,1,3729,1006
2015,87,1,3729,1007
2016,44,3,3729,1008
2017,121,1,3729,1008
2015,62,1,3800,1009
2015,105,9,3658,1010
2017,121,8,3658,1011
2016,29,0,3729,1012
2017,121,0,3729,1013
2015,121,4,3658,1014
2016,96,0,3658,1014
2017,121,4,3658,1014
2015,121,0,3871,1015
2016,77,0,3871,1015
2017,70,1,3871,1015
2018,38,0,3871,1015
2015,121,0,3800,1016
2016,44,1,3800,1016
2017,20,0,3800,1016
2018,83,0,3800,1016
2017,28,1,3512,1017
2018,121,10,3512,1017
2015,68,0,3871,1018
2016,80,0,3871,1018
2018,14,0,5266,1019
2015,76,3,3800,1020
2017,36,0,3800,1020
2018,69,0,3800,1020
2017,53,1,3871,1021
2018,53,1,3872,1022
2018,52,0,4999,1023
2018,54,3,1205,1024
2017,121,0,4719,1025
2018,121,0,4719,1025
2015,121,1,3872,1026
2016,7,0,3872,1026
2018,121,1,3872,1026
2016,90,0,3801,1027
2017,69,1,3801,1027
2015,53,0,3730,1028
2015,121,28,3730,1029
2017,121,1,3730,1030
2018,121,0,3730,1030
2015,121,0,3872,1031
2016,56,0,3872,1031
2017,87,0,3872,1031
2018,68,1,3872,1031
2016,93,1,3730,1032
2017,1,0,3730,1032
2018,121,0,3872,1033
2017,39,0,3659,1034
2018,51,0,2352,1035
2015,114,3,3659,1036
2016,97,1,3659,1036
2017,32,1,3659,1036
2018,121,3,3659,1036
2015,121,2,3659,1037
2015,68,5,3659,1038
2017,121,2,3659,1038
2018,121,3,3942,1039
2017,59,1,3730,1040
2018,48,0,3730,1040
2018,121,0,5377,1041
2015,71,0,3730,1042
2015,69,0,3801,1043
2016,121,0,3801,1043
2017,121,0,3801,1043
2018,83,0,3801,1043
2018,101,0,690,1044
2018,19,0,258,1045
2018,89,4,1285,1046
2017,121,2,4719,1047
2018,76,0,4719,1047
2017,121,0,4662,1048
2018,111,0,4662,1048
2017,121,17,258,1049
2018,76,13,258,1049
2018,80,1,755,1050
2017,121,0,5377,1051
2018,121,0,5377,1051
2018,6,0,827,1052
2018,23,0,827,1053
2018,121,0,5760,1054
2018,24,0,5106,1055
2017,8,0,5377,1056
2018,121,0,5377,1056
2018,110,5,2093,1057
2018,121,0,4999,1058
2017,121,0,5432,1059
2018,121,0,5432,1059
2018,81,2,1365,1060
2018,121,0,3360,1061
2018,83,21,1522,1062
2017,98,4,226,1063
2018,121,0,226,1063
2018,90,1,3660,1064
2017,91,0,3660,1065
2018,37,0,4548,1066
2018,52,0,5000,1067
2017,12,0,438,1068
2018,118,13,438,1068
2017,97,0,4720,1069
2018,48,3,2179,1070
2017,97,0,5378,1071
2018,121,0,5378,1071
2017,39,0,3361,1072
2018,82,0,3361,1072
2016,90,0,5268,1073
2017,121,0,5268,1073
2018,121,0,5268,1073
2017,10,0,5107,1074
2018,89,0,5107,1074
2017,51,0,3039,1075
2018,93,0,3039,1075
2018,97,0,4720,1076
2018,31,1,398,1077
2016,116,0,5268,1078
2017,88,0,5268,1078
2018,121,0,5268,1078
2017,52,2,2010,1079
2018,121,1,2010,1079
2017,121,0,3943,1080
2018,121,0,3943,1080
2017,62,2,2697,1081
2018,105,3,2697,1081
2017,121,0,3588,1082
2018,121,0,3588,1082
2018,99,2,1926,1083
2018,29,0,4890,1084
2018,121,0,5160,1085
2017,121,12,260,1086
2018,50,3,260,1086
2017,121,2,294,1087
2018,92,3,294,1087
2018,2,0,6008,1088
2018,95,0,5001,1089
2018,116,0,5598,1090
2017,121,0,3661,1091
2018,89,0,3661,1091
2018,121,4,2011,1092
2018,109,0,5055,1093
2018,121,1,1524,1094
2016,27,0,5214,1095
2017,39,0,5214,1095
2018,11,0,5214,1095
2017,86,0,5961,1096
2018,14,0,5961,1096
2017,85,0,5269,1097
2018,36,0,5269,1098
2018,17,0,3874,1099
2018,24,0,4890,1100
2017,100,3,902,1101
2017,4,0,2266,1102
2018,65,0,2266,1102
2018,121,0,4778,1103
2016,87,1,5269,1104
2017,105,0,5269,1104
2018,60,0,5269,1104
2017,44,1,364,1105
2018,121,1,364,1106
2018,121,0,4947,1107
2017,46,0,2096,1108
2018,66,0,2096,1108
2017,1,0,1844,1109
2017,17,0,2267,1110
2018,48,2,2267,1110
2017,120,0,5270,1111
2017,95,2,329,1112
2018,38,0,329,1112
2018,74,0,4608,1113
2018,87,0,4891,1114
2017,30,0,3286,1115
2018,121,1,3286,1115
2018,75,0,5109,1116
2018,91,0,4779,1117
2018,17,0,2957,1118
2018,117,0,4779,1119
2018,121,0,4665,1120
2018,121,17,1602,1121
2017,121,2,635,1122
2018,121,0,635,1122
2018,40,0,4891,1123
2017,28,0,5271,1124
2018,89,4,2013,1125
2018,121,0,1929,1126
2016,112,0,5271,1127
2018,121,1,2097,1128
2018,46,1,2013,1129
2016,10,0,5546,1130
2016,46,0,5271,1131
2017,69,0,5271,1131
2018,121,0,5271,1131
2018,41,0,5381,1132
2017,121,5,296,1133
2018,112,7,296,1133
2017,52,0,5271,1134
2018,100,0,5216,1135
2017,121,8,1369,1136
2018,121,17,1369,1136
2018,121,2,262,1137
2018,115,3,1845,1138
2016,1,0,5600,1139
2017,121,0,5600,1139
2018,121,0,5600,1139
2018,100,0,4948,1140
2017,121,0,5326,1141
2018,121,0,5326,1141
2016,98,0,5326,1142
2017,108,0,5326,1142
2016,102,0,5381,1143
2017,54,0,5381,1143
2018,57,0,5381,1143
2016,100,1,5600,1144
2017,121,0,5600,1145
2018,91,0,5600,1145
2017,101,11,2786,1146
2018,121,20,2786,1146
2017,22,0,5381,1147
2016,16,0,5381,1148
2018,117,0,5381,1149
2018,27,0,262,1150
2016,87,0,5381,1151
2017,109,0,6010,1152
2016,30,0,5381,1153
2018,98,0,4493,1154
2017,50,0,5381,1155
2018,96,0,5381,1155
2018,105,0,5162,1156
2017,77,0,5271,1157
2018,100,0,5271,1157
2017,62,0,5437,1158
2018,4,0,5437,1158
2017,121,7,297,1159
2018,78,6,297,1159
2018,106,0,4893,1160
2018,121,0,532,1161
2018,121,3,1527,1162
2017,111,1,532,1163
2018,44,0,532,1163
2017,121,0,2269,1164
2017,94,4,366,1165
2018,117,3,366,1165
2018,121,0,5163,1166
2017,86,0,297,1167
2018,73,0,297,1167
2018,71,0,695,1168
2017,88,0,637,1169
2016,16,0,5272,1170
2017,104,0,5272,1170
2016,114,0,5655,1171
2017,110,0,5655,1171
2018,66,0,5655,1172
2016,118,0,5437,1173
2016,31,0,5437,1174
2016,21,0,5437,1175
2016,118,0,5382,1176
2018,121,0,5217,1177
2017,121,1,443,1178
2018,114,1,443,1178
2016,56,0,5438,1179
2017,80,3,638,1180
2018,81,0,638,1180
2016,121,0,5438,1181
2016,118,0,5438,1182
2016,89,0,5438,1183
2017,121,4,486,1184
2018,121,4,486,1184
2017,5,0,2015,1185
2018,121,6,2015,1185
2016,121,0,5438,1186
2017,11,0,2788,1187
2018,118,0,2788,1187
2016,97,0,5383,1188
2017,36,0,3044,1189
2018,112,2,3044,1189
2017,13,0,980,1190
2016,15,0,5383,1191
2016,58,0,5438,1192
2018,60,1,584,1193
2017,8,0,1054,1194
2017,121,7,486,1195
2017,23,1,1054,1196
2017,13,0,1054,1197
2017,109,0,5438,1198
2018,102,4,486,1199
2016,118,0,5438,1200
2016,119,0,5438,1201
2016,84,0,5273,1202
2017,58,0,5273,1202
2018,31,0,5273,1202
2016,7,0,5383,1203
2018,101,0,4725,1204
2018,44,0,5328,1205
2017,84,0,5328,1206
2018,47,0,5328,1206
2016,115,0,5438,1207
2017,23,4,1054,1208
2017,4,0,1054,1209
2017,27,0,2618,1210
2018,121,1,4017,1211
2016,62,0,5383,1212
2016,27,0,2874,1213
2017,97,0,2874,1213
2018,121,0,2874,1213
2016,118,0,5383,1214
2018,113,1,2015,1215
2018,88,0,2618,1216
2017,13,0,980,1217
2016,121,0,5438,1218
2018,33,0,5164,1219
2017,20,0,4205,1220
2018,101,0,4205,1220
2017,121,0,5383,1221
2017,121,5,584,1222
2018,91,2,584,1222
2018,38,0,4782,1223
2016,79,1,5438,1224
2017,121,0,5438,1224
2018,121,0,5438,1224
2018,121,0,5383,1225
2017,102,0,5328,1226
2018,121,0,5328,1226
2018,121,6,1847,1227
2017,79,0,5548,1228
2018,120,0,5548,1228
2018,33,0,5273,1229
2017,13,0,5273,1230
2017,13,1,1055,1231
2017,109,1,487,1232
2017,22,0,1055,1233
2017,22,0,1055,1234
2018,121,2,1606,1235
2016,80,0,5384,1236
2017,121,0,5384,1236
2018,40,0,5384,1236
2018,33,0,5165,1237
2018,79,0,4783,1238
2018,83,0,5549,1239
2016,26,0,5439,1240
2017,62,4,534,1241
2018,97,4,534,1241
2016,70,0,5494,1242
2017,103,0,5494,1242
2017,121,1,3209,1243
2018,121,0,3209,1243
2018,95,0,4726,1244
2017,121,19,1212,1245
2018,91,0,5385,1246
2017,121,0,5330,1247
2018,55,0,5330,1247
2018,35,0,5330,1248
2016,83,0,5385,1249
2017,63,0,5385,1249
2018,102,0,5385,1249
2017,39,0,5385,1250
2018,43,0,5166,1251
2018,29,0,5061,1252
2017,3,0,4147,1253
2018,121,0,5495,1254
2017,16,0,5550,1255
2017,116,0,1056,1256
2018,121,1,1056,1256
2018,40,0,5440,1257
2016,16,0,5386,1258
2017,121,0,5386,1258
2018,74,0,5386,1258
2016,18,0,5221,1259
2017,117,0,5221,1259
2017,116,0,5551,1260
2016,83,0,5276,1261
2017,98,0,5276,1261
2018,55,0,5276,1261
2016,74,0,5276,1262
2017,121,0,5276,1262
2018,103,0,5276,1262
2017,31,0,2877,1263
2018,121,0,2877,1263
2018,87,0,4671,1264
2016,37,0,5386,1265
2017,121,0,5386,1265
2016,47,0,5276,1266
2017,19,0,5276,1266
2018,48,0,5276,1266
2018,102,0,5115,1267
2018,72,0,5386,1268
2018,90,0,4953,1269
2017,121,0,5331,1270
2018,50,0,5331,1270
2016,23,0,5276,1271
2017,120,0,5276,1271
2018,121,0,5276,1271
2018,117,4,699,1272
2017,62,0,2963,1273
2018,121,0,2963,1273
2018,121,0,5276,1274
2018,121,0,489,1275
2016,19,0,4841,1276
2016,101,3,536,1277
2017,67,1,536,1277
2017,26,0,2877,1278
2018,121,0,2877,1278
2017,44,0,5921,1279
2018,95,0,5062,1280
2017,121,0,5386,1281
2016,57,0,5331,1282
2017,117,0,5331,1282
2018,114,0,4671,1283
2018,121,0,447,1284
2017,61,0,5497,1285
2018,114,0,5497,1285
2018,95,0,5387,1286
2017,110,0,5332,1287
2018,114,0,5332,1287
2017,38,0,2362,1288
2018,121,1,2362,1288
2016,57,0,5552,1289
2016,113,0,5387,1290
2017,121,0,5387,1290
2018,121,0,5387,1290
2017,30,0,2964,1291
2018,121,0,2964,1291
2016,101,0,5552,1292
2017,59,0,5552,1292
2018,14,0,5552,1292
2016,111,0,5387,1293
2017,87,1,5387,1293
2018,45,0,5387,1293
2018,47,0,4898,1294
2017,28,0,4209,1295
2018,6,0,4209,1295
2018,121,0,4786,1296
2018,121,1,2878,1297
2018,19,0,5552,1298
2016,101,0,5332,1299
2017,121,0,5332,1299
2018,121,0,5332,1299
2017,62,1,5552,1300
2018,121,0,5552,1300
2018,121,18,1375,1301
2017,86,1,1375,1302
2018,121,2,2274,1303
2018,121,0,4842,1304
2017,49,0,5332,1305
2018,97,0,5332,1305
2017,114,0,5387,1306
2018,79,0,5387,1306
2018,49,0,642,1307
2017,106,0,538,1308
2017,85,5,2793,1309
2018,121,10,2793,1309
2018,99,0,1137,1310
2018,5,0,5716,1311
2017,52,0,1137,1312
2017,47,0,1137,1313
2018,121,0,5278,1314
2016,25,0,2020,1315
2017,78,2,2020,1315
2017,7,0,1137,1316
2018,58,1,1137,1316
2018,121,0,538,1317
2017,47,0,4673,1318
2018,26,0,5278,1319
2018,121,3,2275,1320
2017,59,0,5169,1321
2018,121,0,5169,1321
2018,47,0,5388,1322
2017,89,0,3449,1323
2018,121,0,5553,1324
2017,90,2,1296,1325
2018,121,0,1296,1325
2018,70,0,5169,1326
2018,6,0,5661,1327
2017,119,0,4843,1328
2018,34,0,4843,1328
2017,41,0,5607,1329
2018,121,0,5607,1329
2017,94,0,1059,1330
2018,57,0,1059,1330
2017,115,0,5389,1331
2018,121,0,5389,1331
2017,60,0,2708,1332
2018,121,0,2708,1332
2018,1,0,4788,1333
2018,117,0,5389,1334
2016,43,0,4956,1335
2017,72,0,4956,1335
2018,106,0,4956,1335
2018,41,0,2624,1336
2017,121,1,912,1337
2018,121,0,912,1337
2017,18,0,5279,1338
2018,32,0,5279,1338
2018,4,0,5876,1339
2017,121,0,986,1340
2018,79,1,986,1340
2018,60,0,2538,1341
2017,31,0,1611,1342
2018,67,0,1611,1342
2018,74,0,4844,1343
2018,22,0,3813,1344
2018,121,0,5499,1345
2017,67,0,5334,1346
2018,80,0,5334,1346
2018,110,0,5011,1347
2018,87,0,1217,1348
2018,40,3,492,1349
2017,79,0,2794,1350
2018,96,0,2794,1350
2017,46,0,2451,1351
2018,121,0,5608,1352
2018,36,0,4844,1353
2018,121,0,5225,1354
2018,111,0,493,1355
2017,1,0,3051,1356
2018,121,0,3051,1356
2017,90,0,1218,1357
2018,120,0,1218,1357
2017,53,2,987,1358
2018,121,2,987,1358
2017,64,0,5390,1359
2018,95,0,5390,1359
2018,33,0,703,1360
2017,40,0,5390,1361
2018,59,0,5390,1361
2018,121,0,5280,1362
2016,54,0,5445,1363
2016,61,0,5335,1364
2017,111,0,5445,1365
2018,43,0,5445,1365
2017,62,0,5280,1366
2018,121,0,5280,1366
2017,107,0,1061,1367
2018,64,1,1061,1367
2018,29,0,540,1368
2018,115,7,591,1369
2018,6,0,5663,1370
2018,25,0,2365,1371
2017,17,0,2796,1372
2017,61,0,2968,1373
2018,102,0,2968,1373
2018,87,3,2366,1374
2017,51,0,5446,1375
2018,78,0,5446,1375
2017,97,0,1458,1376
2018,61,2,1458,1376
2017,44,0,1219,1377
2018,119,0,1219,1377
2018,98,0,4790,1378
2017,70,0,3374,1379
2018,121,0,3374,1380
2016,49,0,5226,1381
2017,92,0,5226,1382
2018,121,0,5226,1382
2018,54,0,5281,1383
2018,35,0,5281,1384
2018,40,0,2968,1385
2017,23,1,451,1386
2017,100,0,1062,1387
2018,121,0,1062,1387
2017,96,1,1379,1388
2018,96,0,1379,1388
2017,12,1,451,1389
2018,99,0,3374,1390
2017,34,0,2968,1391
2018,98,0,2968,1391
2018,72,0,1614,1392
2018,34,0,5557,1393
2017,60,0,5557,1394
2018,88,0,5557,1394
2018,121,0,2454,1395
2018,71,0,2711,1396
2018,113,0,5447,1397
2018,107,0,705,1398
2017,121,0,3453,1399
2018,121,0,3453,1399
2017,90,4,1063,1400
2018,96,7,1063,1400
2016,5,0,4272,1401
2016,67,1,4272,1402
2017,99,0,4272,1402
2016,97,0,3528,1403
2017,113,1,3528,1403
2018,99,0,3528,1403
2017,18,0,4272,1404
2018,121,0,4272,1404
2017,57,0,1380,1405
2018,121,1,1380,1405
2017,39,1,2454,1406
2018,93,1,2454,1406
2017,12,1,542,1407
2018,14,0,4504,1408
2017,22,0,495,1409
2018,121,0,5447,1410
2017,72,0,542,1411
2017,90,0,1459,1412
2018,121,1,1459,1412
2017,100,0,1300,1413
2018,114,0,1300,1413
2017,12,0,542,1414
2017,12,2,542,1415
2017,46,0,2798,1416
2018,121,0,2798,1416
2017,12,0,496,1417
2017,12,0,496,1418
2018,121,0,496,1419
2017,22,0,1301,1420
2018,5,0,5338,1421
2017,114,6,1460,1422
2018,100,3,1460,1422
2017,50,2,2542,1423
2018,121,0,2542,1423
2018,102,0,843,1424
2017,73,4,1381,1425
2018,121,2,1381,1425
2017,59,3,2109,1426
2018,43,0,4735,1427
2017,111,0,991,1428
2018,121,0,991,1428
2017,4,0,2281,1429
2018,108,0,2281,1429
2017,92,0,1222,1430
2018,96,1,1222,1430
2017,117,0,1302,1431
2018,81,0,5394,1432
2017,121,0,5016,1433
2018,40,0,5016,1433
2018,84,0,5449,1434
2016,5,0,5449,1435
2017,65,1,5449,1435
2018,61,2,2281,1436
2016,116,0,4448,1437
2016,6,0,4448,1438
2017,73,0,3377,1439
2018,121,0,3377,1439
2017,121,0,4448,1440
2018,121,0,4448,1440
2017,103,1,1461,1441
2018,28,1,1461,1441
2018,69,2,1143,1442
2018,15,1,1143,1443
2018,121,0,5394,1444
2017,60,0,5229,1445
2018,100,0,5229,1445
2018,121,0,5559,1446
2017,9,0,4736,1447
2017,121,0,4217,1448
2018,121,0,4217,1448
2018,114,4,650,1449
2017,95,2,992,1450
2018,121,6,992,1450
2018,63,0,5071,1451
2018,86,0,5285,1452
2018,60,0,845,1453
2018,69,0,5285,1454
2017,18,0,1066,1455
2017,57,0,498,1456
2018,121,1,498,1456
2017,63,0,5614,1457
2016,121,0,4962,1458
2017,121,0,4962,1459
2018,121,0,4962,1459
2018,116,0,2886,1460
2018,81,0,5450,1461
2018,56,0,2886,1462
2017,102,11,1303,1463
2016,44,0,498,1464
2018,121,5,2544,1465
2017,37,1,918,1466
2018,85,0,918,1466
2018,66,0,545,1467
2018,121,0,596,1468
2018,82,0,4906,1469
2017,36,0,992,1470
2017,51,0,1066,1471
2018,121,2,1066,1471
2017,35,2,1463,1472
2018,55,1,1463,1472
2017,7,0,2715,1473
2018,121,0,2715,1473
2017,94,2,1224,1474
2018,121,0,1224,1474
2017,13,0,1304,1475
2017,46,2,1618,1476
2018,91,5,1618,1476
2018,38,0,1776,1477
2018,81,2,709,1478
2017,64,0,846,1479
2018,121,0,846,1479
2017,85,2,774,1480
2018,121,1,774,1480
2018,61,0,919,1481
2018,33,0,919,1482
2017,16,2,1304,1483
2017,109,2,1618,1484
2018,121,0,1618,1484
2018,121,0,5342,1485
2017,74,0,4335,1486
2018,121,0,4335,1486
2017,121,0,3750,1487
2018,35,0,3750,1487
2017,92,1,3821,1488
2018,86,0,4908,1489
2017,121,0,3533,1490
2018,121,14,547,1491
2018,99,0,710,1492
2018,44,0,3533,1493
2018,121,1,710,1494
2016,54,0,4908,1495
2017,86,4,1305,1496
2017,121,5,3303,1497
2018,121,8,3303,1498
2018,119,1,3458,1499
2018,121,0,3679,1500
2017,96,0,1069,1501
2018,121,1,1069,1501
2017,111,0,5233,1502
2018,121,0,5233,1502
2017,18,0,5563,1503
2018,117,0,5563,1503
2017,121,0,3223,1504
2018,36,0,3223,1504
2018,24,2,776,1505
2017,39,1,3141,1506
2018,108,6,921,1507
2017,62,1,3141,1508
2018,102,0,5508,1509
2017,94,0,4452,1510
2018,109,0,4452,1510
2017,114,0,1226,1511
2017,90,4,921,1512
2018,72,5,921,1512
2018,110,1,3305,1513
2017,121,1,3382,1514
2018,80,0,3382,1514
2018,110,0,3142,1515
2017,27,0,3460,1516
2017,121,0,3681,1517
2018,97,0,3681,1517
2018,37,0,5180,1518
2017,101,0,3609,1519
2018,63,0,3609,1519
2018,44,0,5289,1520
2017,42,0,5454,1521
2017,121,0,3824,1522
2018,121,0,3824,1522
2018,13,0,5673,1523
2017,24,0,5345,1524
2018,56,0,3225,1525
2016,36,0,3143,1526
2017,121,4,3143,1526
2018,121,4,3143,1526
2017,121,1,3610,1527
2018,121,0,3610,1527
2018,5,0,655,1528
2018,121,0,3536,1529
2017,95,0,3536,1530
2016,116,0,1467,1531
2017,4,0,1467,1532
2018,106,0,5511,1533
2017,39,0,2720,1534
2017,119,0,5077,1535
2018,41,0,5077,1535
2018,27,0,3611,1536
2018,64,0,3384,1537
2018,121,0,5729,1538
2017,41,0,4686,1539
2018,94,0,4686,1539
2018,63,0,4281,1540
2018,17,0,5456,1541
2017,110,0,5024,1542
2018,37,0,2464,1543
2017,99,0,3612,1544
2017,121,0,4857,1545
2018,121,0,4857,1545
2018,65,0,4913,1546
2017,70,0,4969,1547
2017,83,1,3308,1548
2018,121,0,3308,1548
2017,42,0,4744,1549
2018,32,0,4745,1550
2017,121,0,4745,1551
2017,44,0,3685,1552
2018,40,0,3685,1553
2018,47,0,3386,1554
2018,43,0,3756,1555
2017,27,0,5026,1556
2018,19,0,5026,1556
2017,28,0,5133,1557
2017,58,0,5133,1558
2017,111,0,3686,1559
2018,2,0,3686,1559
2016,53,0,3465,1560
2017,69,0,3465,1560
2018,82,0,3465,1560
2017,31,0,4103,1561
2018,47,0,4103,1561
2016,40,0,4103,1562
2017,82,0,5185,1563
2018,10,0,5185,1563
2017,121,0,3828,1564
2018,14,0,3828,1564
2017,17,0,4804,1565
2017,121,2,3615,1566
2018,94,0,3615,1566
2018,6,0,4860,1567
2017,96,0,4861,1568
2018,21,0,4861,1568
2018,92,0,3149,1569
2017,85,0,5135,1570
2018,33,0,5135,1570
2017,110,2,1706,1571
2018,76,0,1706,1571
2017,10,0,4691,1572
2015,112,0,5734,1573
2015,10,0,5734,1574
2015,112,0,5679,1575
2017,22,0,4749,1576
2015,112,0,5680,1577
2015,112,0,5680,1578
2015,111,0,5626,1579
2015,111,0,5626,1580
2015,112,0,5680,1581
2015,78,0,5680,1582
2015,10,0,5680,1583
2017,95,0,4918,1584
2017,81,0,5083,1585
2018,121,0,5083,1585
2017,121,0,5188,1586
2015,112,0,5680,1587
2015,112,0,5680,1588
2015,19,0,5626,1589
2017,5,0,5189,1590
2018,98,0,5189,1590
2017,121,0,5353,1591
2018,66,0,5353,1591
2015,10,0,5627,1592
2015,112,0,5681,1593
2015,112,0,5627,1594
2017,114,0,4863,1595
2018,121,0,4863,1595
2015,111,0,5627,1596
2015,110,0,5573,1597
2018,121,0,5030,1598
2015,61,0,5627,1599
2017,112,0,5137,1600
2018,115,0,5137,1600
2015,111,0,5627,1601
2015,112,0,5627,1602
2018,121,0,5944,1603
2018,121,0,5944,1604
2015,112,0,5574,1605
2015,9,0,5574,1606
2015,103,0,5628,1607
2018,90,0,5085,1608
2015,53,0,5628,1609
2017,107,0,4976,1610
2017,107,0,2986,1611
2018,77,0,2986,1611
2015,7,0,5574,1612
2015,9,0,5628,1613
2015,106,0,5628,1614
2015,59,0,5574,1615
2017,109,0,5138,1616
2015,41,0,5519,1617
2017,121,0,4808,1618
2018,47,0,4808,1619
2015,102,0,5574,1620
2017,121,0,4921,1621
2018,36,0,4921,1621
2017,84,5,1238,1622
2018,116,4,1238,1622
2015,110,0,5520,1623
2015,112,0,5520,1624
2017,97,0,5465,1625
2018,121,0,5086,1626
2017,120,2,1318,1627
2018,121,5,1318,1627
2018,121,10,1790,1628
2017,1,0,4695,1629
2017,121,0,3693,1630
2018,55,0,3693,1630
2018,8,0,5356,1631
2017,1,0,2730,1632
2018,48,2,2473,1633
2018,16,0,5301,1634
2017,86,9,1792,1635
2018,80,8,1792,1635
2017,121,10,1960,1636
2018,121,0,1960,1636
2018,121,0,5141,1637
2018,92,0,5467,1638
2017,23,0,3548,1639
2018,16,0,3548,1640
2018,41,0,3155,1641
2017,47,0,3548,1642
2018,24,0,3548,1642
2017,96,4,1793,1643
2018,121,0,1793,1643
2017,11,0,5900,1644
2018,121,0,5900,1644
2017,90,0,5468,1645
2018,65,0,5468,1645
2018,30,0,5850,1646
2017,121,0,5796,1647
2018,121,0,5796,1647
2018,49,3,1877,1648
2017,104,1,2214,1649
2018,121,14,2129,1650
2018,121,0,3396,1651
2018,39,0,1322,1652
2017,54,1,1559,1653
2018,103,4,1559,1653
2017,87,0,5249,1654
2018,20,0,5249,1654
2018,121,0,3475,1655
2017,32,0,4351,1656
2017,85,0,5469,1657
2018,56,0,5469,1657
2017,109,0,5304,1658
2018,3,0,3075,1659
2018,112,3,2215,1660
2017,81,0,5901,1661
2017,56,0,4925,1662
2017,13,0,4293,1663
2017,117,0,5579,1664
2018,121,0,5579,1664
2018,34,3,2389,1665
2017,103,1,1878,1666
2018,121,7,1878,1666
2017,33,0,1560,1667
2018,121,4,1560,1667
2017,113,0,5634,1668
2018,85,0,5634,1668
2017,88,0,5743,1669
2018,121,0,5743,1669
2017,116,82,1715,1670
2018,36,31,1715,1670
2017,121,4,1560,1671
2018,121,8,1560,1671
2016,12,0,3980,1672
2017,76,0,3980,1672
2018,73,0,3980,1672
2017,58,2,1403,1673
2018,121,3,1403,1673
2018,92,0,4926,1674
2018,68,1,1637,1675
2017,83,0,2564,1676
2018,78,0,2564,1677
2017,49,0,1086,1678
2018,121,2,1086,1678
2017,89,0,5853,1679
2018,76,0,5853,1679
2017,101,0,5526,1680
2018,10,0,5526,1680
2017,28,0,1796,1681
2018,102,26,1796,1681
2016,26,0,3241,1682
2017,97,0,3241,1682
2018,63,0,3241,1682
2018,23,0,5416,1683
2018,93,1,1165,1684
2017,97,0,4236,1685
2018,33,0,4236,1685
2018,121,0,3911,1686
2017,121,0,3911,1687
2017,106,0,5526,1688
2017,97,1,1324,1689
2018,121,1,1324,1689
2017,56,0,4353,1690
2018,65,0,4758,1691
2018,40,0,4758,1692
2017,117,24,1483,1693
2018,121,4,1483,1693
2017,101,18,1716,1694
2018,20,1,1638,1695
2017,121,1,1796,1696
2018,121,0,1796,1696
2017,91,1,1561,1697
2018,103,1,1561,1697
2018,32,0,1165,1698
2017,119,0,3981,1699
2017,121,1,1325,1700
2018,113,1,1325,1700
2017,101,0,5198,1701
2018,61,0,5198,1701
2016,112,0,5198,1702
2017,121,0,4296,1703
2018,18,0,4296,1703
2017,83,8,1405,1704
2018,76,0,1405,1704
2017,117,0,5745,1705
2017,121,0,5999,1706
2018,121,0,5999,1706
2018,79,0,4816,1707
2017,93,0,5527,1708
2018,121,0,5527,1708
2017,107,0,4296,1709
2018,116,0,4296,1709
2017,121,0,5583,1710
2018,117,0,5583,1710
2017,114,0,4178,1711
2018,121,0,4178,1711
2017,111,2,1882,1712
2018,121,3,1882,1712
2017,114,1,2480,1713
2018,121,2,2480,1713
2017,109,8,2393,1714
2017,121,0,5691,1715
2018,59,0,5691,1715
2017,93,2,1718,1716
2018,79,1,1718,1716
2017,109,0,4355,1717
2018,121,0,4355,1718
2017,104,9,1246,1719
2018,103,9,1246,1719
2016,116,0,5253,1720
2017,121,0,5253,1720
2018,101,0,5253,1720
2017,113,0,4051,1721
2018,89,0,4051,1721
2017,52,0,5691,1722
2018,120,0,5691,1722
2018,121,2,1563,1723
2018,106,0,5308,1724
2017,62,0,5308,1725
2017,112,0,3242,1726
2018,121,0,3242,1726
2018,117,0,5637,1727
2017,121,0,4178,1728
2018,121,0,4178,1728
2018,49,0,3479,1729
2017,121,0,4647,1730
2017,121,0,4298,1731
2018,121,0,4298,1731
2017,96,3,2051,1732
2018,102,2,2051,1732
2017,121,0,4179,1733
2018,121,0,4179,1733
2017,121,0,5254,1734
2016,93,0,5254,1735
2017,45,0,3984,1736
2018,121,0,3984,1736
2017,65,0,4298,1737
2017,64,0,3914,1738
2017,121,0,4239,1739
2018,105,0,4239,1739
2017,86,0,5638,1740
2018,121,0,5638,1740
2018,61,0,3843,1741
2017,121,0,5906,1742
2018,2,0,3243,1743
2017,63,0,2306,1744
2017,42,1,1883,1745
2018,18,0,1883,1745
2017,90,0,5802,1746
2018,121,1,2136,1747
2017,22,0,2136,1748
2018,28,0,6002,1749
2016,29,0,4180,1750
2017,52,0,4180,1750
2018,76,0,4180,1750
2017,100,0,1800,1751
2017,121,0,4299,1752
2018,12,0,4299,1752
2017,121,0,5748,1753
2018,84,0,5748,1753
2018,121,6,1968,1754
2018,66,0,4475,1755
2018,99,0,4649,1756
2018,12,0,3845,1757
2017,121,0,3986,1758
2018,121,0,3986,1758
2017,52,0,4241,1759
2017,58,0,3846,1760
2017,121,0,3988,1761
2018,121,0,3988,1761
2017,47,0,3988,1762
2017,38,0,3847,1763
2017,121,0,2912,1764
2018,13,0,2912,1764
2018,96,0,3847,1765
2017,121,0,3988,1766
2018,9,0,3988,1766
2017,121,1,3847,1767
2018,66,0,3919,1768
2018,57,0,2574,1769
2018,121,0,2313,1770
